{"stats":{"minecraft:custom":{"minecraft:time_since_rest":7563,"minecraft:crouch_one_cm":6455,"minecraft:damage_absorbed":838,"minecraft:sprint_one_cm":22573,"minecraft:play_time":14901,"minecraft:deaths":2,"minecraft:damage_taken":859,"minecraft:walk_one_cm":32452,"minecraft:sneak_time":1530,"minecraft:walk_under_water_one_cm":417,"minecraft:mob_kills":2,"minecraft:drop":3,"minecraft:jump":309,"minecraft:damage_dealt":310,"minecraft:leave_game":2,"minecraft:walk_on_water_one_cm":4582,"minecraft:time_since_death":7530,"minecraft:total_world_time":14901,"minecraft:damage_resisted":360,"minecraft:swim_one_cm":1179,"minecraft:fall_one_cm":9047,"minecraft:fly_one_cm":64991},"minecraft:mined":{"minecraft:grass":5,"minecraft:birch_leaves":8,"minecraft:oak_leaves":5},"minecraft:used":{"graveyard:lich_spawn_egg":1,"minecraft:enchanted_golden_apple":7},"minecraft:killed_by":{"graveyard:revenant":1},"minecraft:picked_up":{"minecraft:enchanted_golden_apple":128},"minecraft:dropped":{"minecraft:enchanted_golden_apple":192}},"DataVersion":3120}