{"stats":{"minecraft:killed":{"john_mod_reborn:baby_john":2,"mutationcraft:necroptor":1,"mutationcraft:assimilated_villager":1,"mutationcraft:assimilated_horse":1,"minecraft:zombie":1,"mutationcraft:assimilated_donkey":1,"mutationcraft:assimilated_human":2,"mutationcraft:assimilated_spider":2,"mutationcraft:assimilated_pig":1,"mutationcraft:assimilated_bear":1,"mutationcraft:assimilated_wandering_trader":1,"john_mod_reborn:feral_baby_john_1":2,"mutationcraft:assimilated_cow":1},"minecraft:custom":{"minecraft:time_since_rest":1450,"minecraft:walk_one_cm":89080,"minecraft:sprint_one_cm":40843,"minecraft:damage_taken":2383,"minecraft:damage_absorbed":2798,"minecraft:mob_kills":19,"minecraft:drop":14,"minecraft:damage_dealt":5982,"minecraft:swim_one_cm":2678,"minecraft:fly_one_cm":141379,"minecraft:crouch_one_cm":10272,"minecraft:play_time":26901,"minecraft:deaths":3,"minecraft:sneak_time":2409,"minecraft:walk_under_water_one_cm":845,"minecraft:jump":594,"minecraft:leave_game":2,"minecraft:time_since_death":1413,"minecraft:walk_on_water_one_cm":6178,"minecraft:damage_resisted":1212,"minecraft:total_world_time":26901,"minecraft:fall_one_cm":12263},"minecraft:mined":{"minecraft:birch_leaves":8,"minecraft:dandelion":2,"minecraft:grass":41,"minecraft:grass_block":3,"minecraft:dirt":2,"minecraft:oak_leaves":5},"minecraft:used":{"minecraft:netherite_sword":166,"minecraft:netherite_chestplate":1,"minecraft:netherite_boots":1,"minecraft:netherite_leggings":1,"graveyard:lich_spawn_egg":1,"minecraft:netherite_helmet":1,"minecraft:enchanted_golden_apple":24,"minecraft:milk_bucket":1},"minecraft:killed_by":{"graveyard:lich":1,"graveyard:revenant":1},"minecraft:picked_up":{"minecraft:dandelion":1,"mutationcraft:putrid_claw":21,"minecraft:dirt":4,"mutationcraft:putrid_brain":1,"minecraft:rotten_flesh":1,"minecraft:wheat_seeds":9,"minecraft:chainmail_helmet":1,"minecraft:enchanted_golden_apple":128},"minecraft:dropped":{"minecraft:wheat_seeds":4,"minecraft:netherite_sword":1,"minecraft:netherite_helmet":1,"minecraft:netherite_chestplate":1,"minecraft:netherite_boots":1,"minecraft:enchanted_golden_apple":256,"graveyard:lich_spawn_egg":1,"minecraft:netherite_leggings":1}},"DataVersion":3120}