{"stats":{"minecraft:custom":{"minecraft:time_since_rest":5356,"minecraft:damage_absorbed":552,"minecraft:crouch_one_cm":5182,"minecraft:sprint_one_cm":59012,"minecraft:play_time":21798,"minecraft:deaths":5,"minecraft:damage_taken":1424,"minecraft:walk_one_cm":20979,"minecraft:sneak_time":1204,"minecraft:walk_under_water_one_cm":1374,"minecraft:jump":531,"minecraft:damage_dealt":9,"minecraft:leave_game":1,"minecraft:walk_on_water_one_cm":5995,"minecraft:time_since_death":5324,"minecraft:total_world_time":21798,"minecraft:damage_resisted":233,"minecraft:swim_one_cm":10681,"minecraft:fall_one_cm":23644,"minecraft:fly_one_cm":101375},"minecraft:mined":{"minecraft:seagrass":1,"minecraft:grass":1,"minecraft:grass_block":1,"minecraft:tall_seagrass":1},"minecraft:used":{"minecraft:enchanted_golden_apple":8},"minecraft:killed_by":{"graveyard:ghoul":1},"minecraft:picked_up":{"minecraft:enchanted_golden_apple":64,"minecraft:dirt":1}},"DataVersion":3120}