{"stats":{"minecraft:killed":{"mutationcraft:assimilated_witch":1,"mutationcraft:necroptor":1,"mutationcraft:assimilated_horse":1,"mutationcraft:assimilated_jockey":1,"john_mod_reborn:john":1,"mutationcraft:assimilated_human":1,"mutationcraft:assimilated_pig":2,"mutationcraft:human_stage_2":1,"minecraft:spider":2,"mutationcraft:assimilated_pillager":1,"mutationcraft:assimilated_cow":1},"minecraft:custom":{"minecraft:time_since_rest":487,"minecraft:sprint_one_cm":97964,"minecraft:walk_one_cm":57366,"minecraft:damage_taken":3013,"minecraft:damage_absorbed":2438,"minecraft:mob_kills":18,"minecraft:drop":11,"minecraft:damage_dealt":5272,"minecraft:swim_one_cm":11969,"minecraft:fly_one_cm":156846,"minecraft:crouch_one_cm":6510,"minecraft:play_time":33798,"minecraft:deaths":7,"minecraft:sneak_time":1660,"minecraft:walk_under_water_one_cm":1604,"minecraft:jump":848,"minecraft:damage_dealt_resisted":15,"minecraft:leave_game":1,"minecraft:time_since_death":421,"minecraft:walk_on_water_one_cm":6243,"minecraft:damage_resisted":1084,"minecraft:total_world_time":33798,"minecraft:fall_one_cm":31379},"minecraft:mined":{"minecraft:seagrass":1,"minecraft:tall_seagrass":1,"minecraft:grass":47,"minecraft:grass_block":1,"minecraft:tall_grass":2},"minecraft:used":{"minecraft:netherite_sword":185,"minecraft:netherite_chestplate":2,"minecraft:player_head":1,"minecraft:netherite_boots":2,"minecraft:netherite_leggings":2,"graveyard:lich_spawn_egg":1,"minecraft:netherite_helmet":2,"minecraft:enchanted_golden_apple":22},"minecraft:killed_by":{"graveyard:lich":1,"man:managgresive":1,"graveyard:ghoul":1},"minecraft:dropped":{"minecraft:dirt":1,"minecraft:wheat_seeds":5,"minecraft:glass_bottle":1,"minecraft:string":1,"mutationcraft:putrid_claw":19},"minecraft:picked_up":{"minecraft:netherite_boots":2,"mutationcraft:putrid_claw":21,"minecraft:netherite_leggings":2,"minecraft:string":1,"minecraft:dirt":1,"graveyard:lich_spawn_egg":1,"minecraft:netherite_helmet":2,"minecraft:wheat_seeds":6,"minecraft:netherite_sword":2,"minecraft:player_head":2,"minecraft:glass_bottle":1,"minecraft:netherite_chestplate":2,"minecraft:enchanted_golden_apple":186}},"DataVersion":3120}