{"stats":{"minecraft:mined":{"minecraft:seagrass":1,"minecraft:tall_seagrass":1},"minecraft:custom":{"minecraft:jump":309,"minecraft:time_since_rest":1768,"minecraft:deaths":1,"minecraft:crouch_one_cm":5182,"minecraft:walk_on_water_one_cm":5130,"minecraft:sprint_one_cm":39964,"minecraft:play_time":11804,"minecraft:damage_taken":270,"minecraft:time_since_death":1725,"minecraft:walk_one_cm":10291,"minecraft:sneak_time":1175,"minecraft:total_world_time":11804,"minecraft:walk_under_water_one_cm":1195,"minecraft:swim_one_cm":7871,"minecraft:fall_one_cm":12534,"minecraft:fly_one_cm":55650}},"DataVersion":3120}